"year","month_name","month_date","month","market_inflation_expectation","consumer_inflation_expectation","inflation_target","inflation_target_lower_bound","inflation_target_upper_bound","inflation_target_wtd_avg","inflation_target_lower_bound_wtd_avg","inflation_target_upper_bound_wtd_avg","ipca","selic","selic_deflated","minimum_wage_increase","minimum_wage_increase_deflated","income_increase","income_increase_deflated","household_income_deflated","household_income_deflated_trend","household_income_deflated_trend_diff","real_exchange_rate","real_exchange_rate_trend","real_exchange_rate_trend_diff","pib","primary_fiscal_result","primary_fiscal_result_pct_pib","ipca_lag","selic_deflated_lag","primary_fiscal_result_pct_pib_lag","real_exchange_rate_trend_diff_lag","household_income_deflated_trend_diff_lag"
2006,"Jan",2006-01-01,2006,4.58,6.9,4.5,2.5,6.5,4.5,2.5,6.5,5.7,17.65,11.3055818353831,13.7254901960784,7.59270595655481,10.4128884005336,4.45874020864103,315683.5,308017.968712355,2.48866367104805,100.68,98.4032235545328,2.31372140385773,2190643.1,-74923.44,-3.42,5.69,11.8743495127259,-3.74,2.14782168479404,2.75473004920643
2006,"Feb",2006-02-01,2006.08333333333,4.49,7,4.5,2.5,6.5,4.5,2.5,6.5,5.51,17.28,11.1553407259976,14.2857142857143,8.31742421165225,10.2021884012405,4.44715041345896,316643,310239.455134644,2.06406527582932,95.44,98.0280477130384,-2.64010941094587,2207671.2,-74569.5,-3.38,5.7,11.3055818353831,-3.42,2.31372140385773,2.48866367104805
2006,"Mar",2006-03-01,2006.16666666667,4.36,6.9,4.5,2.5,6.5,4.5,2.5,6.5,5.32,16.74,10.843144701861,14.8387096774194,9.03789373093369,10.1311533195466,4.56812886398277,317794.5,312461.130702534,1.70689048121739,95.29,97.652922179761,-2.4197147684032,2225144.6,-73223.35,-3.29,5.51,11.1553407259976,-3.38,-2.64010941094587,2.06406527582932
2006,"Apr",2006-04-01,2006.25,4.16,6.5,4.5,2.5,6.5,4.5,2.5,6.5,4.63,16.19,11.0484564656408,16.9871794871795,11.810359827181,9.97017687016671,5.1038677914238,318674.083333333,314683.168972705,1.26823254438944,95.14,97.2778609231647,-2.19768496436538,2235812.9,-74002.58,-3.31,5.32,10.843144701861,-3.29,-2.4197147684032,1.70689048121739
2006,"May",2006-05-01,2006.33333333333,4.18,6.7,4.5,2.5,6.5,4.5,2.5,6.5,4.23,15.7,11.0045092583709,17.0886075949367,12.3367625395152,9.92146773315237,5.46048904648602,319848.166666667,316905.784654377,0.928472168944183,99.31,96.9028596792895,2.48407562860082,2256419.1,-74308.97,-3.29,4.63,11.0484564656408,-3.31,-2.19768496436538,1.26823254438944
2006,"Jun",2006-06-01,2006.41666666667,4.25,6.3,4.5,2.5,6.5,4.5,2.5,6.5,4.03,15.18,10.7180620974719,17.1875,12.6477939056042,9.82262380350696,5.56822436172928,321068.333333333,319129.223250859,0.607625357126773,102.35,96.5278976883351,6.03152295977998,2271564,-75458.8,-3.32,4.23,11.0045092583709,-3.29,2.48407562860082,0.928472168944183
2006,"Jul",2006-07-01,2006.5,4.4,6.9,4.5,2.5,6.5,4.5,2.5,6.5,3.97,14.98,10.5895931518707,17.283950617284,12.8055695078234,9.71652921499825,5.52710321727252,322349.583333333,321353.75296903,0.309886022833794,100.12,96.1529727641146,4.12574580051457,2293390.2,-74262.97,-3.24,4.03,10.7180620974719,-3.32,6.03152295977998,0.607625357126773
2006,"Aug",2006-08-01,2006.58333333333,4.48,6.4,4.5,2.5,6.5,4.5,2.5,6.5,3.84,14.66,10.4198767334361,17.3780487804878,13.0374121537826,9.65238291331788,5.59744117230152,323581.833333333,323579.656978035,0.000672587182459772,99.2,95.7781276440701,3.57270750650525,2315471.6,-77675.61,-3.35,3.97,10.5895931518707,-3.24,4.12574580051457,0.309886022833794
2006,"Sep",2006-09-01,2006.66666666667,4.29,6.3,4.5,2.5,6.5,4.5,2.5,6.5,3.7,14.17,10.0964320154291,17.4698795180723,13.2785723414391,9.77641147275467,5.85960604894376,325330.916666667,325807.226130897,-0.146193646435311,99.14,95.4034356754254,3.91659304313403,2336552.6,-75299.78,-3.22,3.84,10.4198767334361,-3.35,3.57270750650525,0.000672587182459772
2006,"Oct",2006-10-01,2006.75,4.05,5.8,4.5,2.5,6.5,4.5,2.5,6.5,3.26,13.95,10.3525082316483,17.5595238095238,13.8480765151306,9.99895047862549,6.52619647358657,327285.333333333,328036.75129743,-0.229065176729237,97.72,95.0289966087331,2.83177081448802,2362641.2,-77597.24,-3.28,3.7,10.0964320154291,-3.22,3.91659304313403,-0.146193646435311
2006,"Nov",2006-11-01,2006.83333333333,4.12,5.7,4.5,2.5,6.5,4.5,2.5,6.5,3.02,13.65,10.3183847796544,17.6470588235294,14.1982710381765,10.0099623540053,6.78505373131941,329309.5,330268.51967222,-0.29037574431009,98.62,94.6549390260642,4.18896363436883,2387208,-78382.01,-3.28,3.26,10.3525082316483,-3.28,2.83177081448802,-0.229065176729237
2006,"Dec",2006-12-01,2006.91666666667,4.12,5.7,4.5,2.5,6.5,4.5,2.5,6.5,3.14,13.19,9.74403723094821,17.7325581395349,14.1483014732741,9.97608668701364,6.62796847684084,331008.666666667,332502.812651878,-0.449363412385939,99.29,94.2814122734049,5.31238088804908,2409449.9,-75915.39,-3.15,3.02,10.3183847796544,-3.28,4.18896363436883,-0.29037574431009
2007,"Jan",2007-01-01,2007,4.02,5.7,4.5,2.5,6.5,4.5,2.5,6.5,2.99,13.13,9.84561607923098,17.816091954023,14.3956616700874,9.78428449744463,6.5970332046263,332730.333333333,334739.90423317,-0.600338016001023,97.85,93.9085962913475,4.1970638091793,2434411.5,-84976.77,-3.49,3.14,9.74403723094821,-3.15,5.31238088804908,-0.449363412385939
2007,"Feb",2007-02-01,2007.08333333333,3.91,5.7,4.5,2.5,6.5,4.5,2.5,6.5,3.02,12.93,9.61949136090079,17.8977272727273,14.4415912179453,9.90197770459468,6.68023461909792,334786.166666667,336980.056883958,-0.651044526960576,95.85,93.5367096669949,2.47313631326216,2458966.9,-86031.62,-3.5,2.99,9.84561607923098,-3.49,4.1970638091793,-0.600338016001023
2007,"Mar",2007-03-01,2007.16666666667,3.75,5.3,4.5,2.5,6.5,4.5,2.5,6.5,2.96,12.74,9.49883449883449,17.9775280898876,14.5857887430921,10.0822877029676,6.91752884903611,337198,339223.517566156,-0.597104110201019,96.14,93.1660013995153,3.1921500931779,2486602.5,-84858.36,-3.41,3.02,9.61949136090079,-3.5,2.47313631326216,-0.651044526960576
2007,"Apr",2007-04-01,2007.25,3.58,5.2,4.5,2.5,6.5,4.5,2.5,6.5,3,12.58,9.30097087378641,15.8904109589041,12.5149620960234,10.4730986650674,7.25543559715285,339875.25,341470.516313511,-0.467175418461807,94.59,92.7967383375393,1.93246195349874,2516940.7,-85832.42,-3.41,2.96,9.49883449883449,-3.41,3.1921500931779,-0.597104110201019
2007,"May",2007-05-01,2007.33333333333,3.43,5.7,4.5,2.5,6.5,4.5,2.5,6.5,3.18,12.43,8.9649156813336,15.1351351351351,11.5866787508579,10.7766095909524,7.36248264290793,342490.5,343721.26753078,-0.358071393027648,92.5,92.4292102772177,0.0765880424272503,2545742,-87824.34,-3.45,3,9.30097087378641,-3.41,1.93246195349874,-0.467175418461807
2007,"Jun",2007-06-01,2007.41666666667,3.47,5.7,4.5,2.5,6.5,4.5,2.5,6.5,3.69,12.03,8.04320570932589,14.4,10.328864885717,11.0192012115417,7.06837806108753,344817.833333333,345975.973313563,-0.334745782817636,90.12,92.0637208515972,-2.11127774721426,2575280.3,-87416.43,-3.39,3.18,8.9649156813336,-3.45,0.0765880424272503,-0.358071393027648
2007,"Jul",2007-07-01,2007.5,3.57,4.8,4.5,2.5,6.5,4.5,2.5,6.5,3.74,11.73,7.70194717563137,13.6842105263158,9.58570515357218,11.1991194488543,7.19020575366711,346906.5,348234.826260798,-0.381445553582671,88.84,91.700574239941,-3.11947254818289,2602697.5,-88381.67,-3.4,3.69,8.04320570932589,-3.39,-2.11127774721426,-0.334745782817636
2007,"Aug",2007-08-01,2007.58333333333,3.68,4.9,4.5,2.5,6.5,4.5,2.5,6.5,4.18,11.43,6.95910923401806,12.987012987013,8.45365040028123,11.4635698720577,6.99133218665544,349084.416666667,350498.010035159,-0.403309955554454,92.25,91.3400596236665,0.996211717052264,2627804.4,-85026.17,-3.24,3.74,7.70194717563137,-3.4,-3.11947254818289,-0.381445553582671
2007,"Sep",2007-09-01,2007.66666666667,3.82,5.2,4.5,2.5,6.5,4.5,2.5,6.5,4.15,11.22,6.78828612578013,12.3076923076923,7.83263783743859,11.5324089115649,7.08824667457022,351128.166666667,352765.698049886,-0.464198019329021,89.92,90.9824441118586,-1.16774628581355,2649278.5,-85114.23,-3.21,4.18,6.95910923401806,-3.24,0.996211717052264,-0.403309955554454
2007,"Oct",2007-10-01,2007.75,3.82,6,4.5,2.5,6.5,4.5,2.5,6.5,4.12,11.18,6.78063772570112,11.6455696202532,7.22778488307065,11.5496158675364,7.13562799417635,353128.333333333,355038.052810867,-0.537891491465281,86.17,90.6280018347478,-4.91901150251172,2675926.6,-86729.2,-3.24,4.15,6.78828612578013,-3.21,-1.16774628581355,-0.464198019329021
2007,"Nov",2007-11-01,2007.83333333333,3.92,6.4,4.5,2.5,6.5,4.5,2.5,6.5,4.19,11.18,6.70889720702561,11,6.53613590555715,11.4907044399351,7.00710667044353,354885.833333333,357315.224188713,-0.679901300286156,86.19,90.2769987246921,-4.52717611620631,2698213,-90241,-3.34,4.12,6.78063772570112,-3.24,-4.91901150251172,-0.537891491465281
2007,"Dec",2007-12-01,2007.91666666667,4.18,5.5,4.5,2.5,6.5,4.5,2.5,6.5,4.46,11.18,6.43308443423318,10.3703703703704,5.65802256401529,11.8245041764706,7.05007100944919,357454.833333333,359597.347318547,-0.595809174119244,86.66,89.9296663158885,-3.63580390079887,2720262.9,-88077.96,-3.24,4.19,6.70889720702561,-3.34,-4.52717611620631,-0.679901300286156
2008,"Jan",2008-01-01,2008,4.28,5.6,4.5,2.5,6.5,4.5,2.5,6.5,4.56,11.18,6.33129303749043,9.7560975609756,4.96948886856885,12.0851574476559,7.1969753707497,359755.333333333,361884.538590192,-0.588365909511745,86.19,89.5862046070494,-3.79099061283606,2746426,-93114.94,-3.39,4.46,6.43308443423318,-3.24,-3.63580390079887,-0.595809174119244
2008,"Feb",2008-02-01,2008.08333333333,4.27,5.8,4.5,2.5,6.5,4.5,2.5,6.5,4.61,11.18,6.28047031832519,9.1566265060241,4.34626374727474,12.2536360495622,7.30679289701002,362084.916666667,364176.897861728,-0.57444093992346,85.36,89.2467883679808,-4.35510166702562,2776859.2,-95332.25,-3.43,4.56,6.33129303749043,-3.39,-3.79099061283606,-0.588365909511745
2008,"Mar",2008-03-01,2008.16666666667,4.31,6.4,4.5,2.5,6.5,4.5,2.5,6.5,4.73,11.18,6.15869378401603,9.40476190476191,4.46363210614145,12.059714530214,6.99867710323121,363604,366474.508562181,-0.783276461285964,86.32,88.9115661632059,-2.9147683198481,2800895.2,-101723.71,-3.63,4.61,6.28047031832519,-3.43,-4.35510166702562,-0.57444093992346
2008,"Apr",2008-04-01,2008.25,4.38,6.7,4.5,2.5,6.5,4.5,2.5,6.5,5.04,11.37,6.02627570449352,9.45626477541371,4.20436478999782,11.8701521467998,6.50242969040347,365361.416666667,368777.437978747,-0.926309735976061,85.97,88.5806565665974,-2.94720841748856,2835166.3,-102347.32,-3.61,4.73,6.15869378401603,-3.63,-2.9147683198481,-0.783276461285964
2008,"May",2008-05-01,2008.33333333333,4.6,6.2,4.5,2.5,6.5,4.5,2.5,6.5,5.58,11.63,5.73025194165562,9.50704225352113,3.7194944625129,11.7745698499707,5.86718114223408,367261.666666667,371085.731249637,-1.03050703946296,84.12,88.2541581553749,-4.68437775826559,2863373.4,-102965.22,-3.6,5.04,6.02627570449352,-3.61,-2.94720841748856,-0.926309735976061
2008,"Jun",2008-06-01,2008.41666666667,5.04,6.8,4.5,2.5,6.5,4.5,2.5,6.5,6.06,12.09,5.6854610597775,9.55710955710956,3.29729356695225,11.8781934809705,5.48575662923865,369424.25,373399.407154871,-1.06458582383946,82.11,87.9321493628032,-6.62118395261935,2899765.6,-104976.58,-3.62,5.58,5.73025194165562,-3.6,-4.68437775826559,-1.03050703946296
2008,"Jul",2008-07-01,2008.5,5.36,7.2,4.5,2.5,6.5,4.5,2.5,6.5,6.37,12.36,5.63128701701605,9.60648148148148,3.04266379757587,12.1875620174092,5.46917553577997,371932.75,375718.454967801,-1.00759090157682,81.06,87.6146767227786,-7.4812542463841,2940137,-109473.23,-3.72,6.06,5.6854610597775,-3.62,-6.62118395261935,-1.06458582383946
2008,"Aug",2008-08-01,2008.58333333333,5.31,7.4,4.5,2.5,6.5,4.5,2.5,6.5,6.17,12.92,6.35772817179994,9.6551724137931,3.28263390203738,12.5248005071401,5.98549543857974,374661.583333333,378042.833289266,-0.894409219852899,80.55,87.3017418452053,-7.73379969574585,2974782.1,-112119.39,-3.77,6.37,5.63128701701605,-3.72,-7.4812542463841,-1.00759090157682
2008,"Sep",2008-09-01,2008.66666666667,5.18,6.9,4.5,2.5,6.5,4.5,2.5,6.5,6.25,13.39,6.72000000000001,9.70319634703197,3.25006715014773,12.8928853570148,6.25212739483751,377392.333333333,380372.471509422,-0.783478931654147,87.61,86.9932957637789,0.708910072674729,3020522.3,-116302.59,-3.85,6.17,6.35772817179994,-3.77,-7.73379969574585,-0.894409219852899
2008,"Oct",2008-10-01,2008.75,5.22,6.7,4.5,2.5,6.5,4.5,2.5,6.5,6.41,13.66,6.81326942956488,9.75056689342403,3.13933548860448,13.1784073838902,6.36068732627588,379855,382707.272928532,-0.745288404556699,100.24,86.6892374154205,15.6314243712208,3059757.6,-121798.13,-3.98,6.25,6.72000000000001,-3.85,0.708910072674729,-0.783478931654147
2008,"Nov",2008-11-01,2008.83333333333,5.4,6.7,4.5,2.5,6.5,4.5,2.5,6.5,6.39,13.64,6.81455023968418,9.7972972972973,3.20264808468587,13.5206835883085,6.70240021459583,382240.25,385047.117851965,-0.728967370960532,100.66,86.389470495572,16.5188296936713,3088601.5,-113879.32,-3.69,6.41,6.81326942956488,-3.98,15.6314243712208,-0.745288404556699
2008,"Dec",2008-12-01,2008.91666666667,5.16,6.7,4.5,2.5,6.5,4.5,2.5,6.5,5.9,13.66,7.32766761095374,9.8434004474273,3.72370202778782,13.53797134959,7.21243753502361,384451.833333333,387391.864576812,-0.758929526486141,107.19,86.0940032580286,24.503445006205,3109803.1,-103583.68,-3.33,6.39,6.81455023968418,-3.69,16.5188296936713,-0.728967370960532
2009,"Jan",2009-01-01,2009,4.84,6.5,4.5,2.5,6.5,4.5,2.5,6.5,5.84,13.32,7.06727135298564,9.88888888888888,3.82548080960778,13.6541384611391,7.38297284688125,386821.833333333,389741.349742234,-0.749090752323678,101.33,85.8029540686964,18.0961670840286,3121758.8,-90273.18,-2.89,5.9,7.32766761095374,-3.33,24.503445006205,-0.758929526486141
2009,"Feb",2009-02-01,2009.08333333333,4.62,6.7,4.5,2.5,6.5,4.5,2.5,6.5,5.9,12.66,6.3833805476865,11.037527593819,4.85130084402172,13.6745245715362,7.3413829759549,389002.916666667,392095.387301964,-0.788703651062206,99.54,85.5166040712326,16.398448092123,3132276.3,-85853.05,-2.74,5.84,7.06727135298564,-2.89,18.0961670840286,-0.749090752323678
2009,"Mar",2009-03-01,2009.16666666667,4.31,6.7,4.5,2.5,6.5,4.5,2.5,6.5,5.61,11.7,5.76649938452798,10.5549510337323,4.68227538465324,14.0455224235722,7.98742772802976,391594.75,394453.768682603,-0.72480450425183,97.4,85.2353542167495,14.2718310905547,3153874.9,-80808.81,-2.56,5.9,6.3833805476865,-2.74,16.398448092123,-0.788703651062206
2009,"Apr",2009-04-01,2009.25,4.17,6.8,4.5,2.5,6.5,4.5,2.5,6.5,5.53,11.11,5.28759594428125,10.7991360691145,4.99302195500282,14.2593970710063,8.27195780442183,393993.583333333,396816.261449095,-0.711331260834458,95.38,84.9597136615738,12.2649734672295,3164110.3,-72890.05,-2.3,5.61,5.76649938452798,-2.56,14.2718310905547,-0.72480450425183
2009,"May",2009-05-01,2009.33333333333,4.04,6.5,4.5,2.5,6.5,4.5,2.5,6.5,5.2,10.16,4.71482889733839,11.0396570203644,5.55100477220953,14.3124961395258,8.66206857369369,396166.083333333,399182.611106058,-0.755676146404771,89.91,84.6902854250402,6.16329789038172,3177111.6,-66478.7,-2.09,5.53,5.28759594428125,-2.3,12.2649734672295,-0.711331260834458
2009,"Jun",2009-06-01,2009.41666666667,4.08,6.6,4.5,2.5,6.5,4.5,2.5,6.5,4.8,9.54,4.52290076335877,11.2765957446808,6.17995777164202,14.139947792182,8.91216392383782,398057.083333333,401552.541378181,-0.870485847966584,87.38,84.4277529299265,3.49677323820738,3187927.3,-59463.45,-1.87,5.2,4.71482889733839,-2.09,6.16329789038172,-0.755676146404771
2009,"Jul",2009-07-01,2009.5,4.11,6.3,4.5,2.5,6.5,4.5,2.5,6.5,4.5,9.01,4.31578947368423,11.5100316789863,6.70816428611127,13.8325874657229,8.93070570882577,400081.083333333,403925.752714479,-0.951825763846215,86.38,84.1728398745869,2.62217614221121,3198100.6,-51103.4,-1.6,4.8,4.52290076335877,-1.87,3.49677323820738,-0.870485847966584
2009,"Aug",2009-08-01,2009.58333333333,4.05,6.5,4.5,2.5,6.5,4.5,2.5,6.5,4.36,8.65,4.1107704101188,11.7400419287212,7.07171514825715,13.4182430220438,8.67980358570697,402098.083333333,406301.918592841,-1.03465798883432,82.86,83.9262927370595,-1.27051094750511,3212061.2,-46802.27,-1.46,4.5,4.31578947368423,-1.6,2.62217614221121,-0.951825763846215
2009,"Sep",2009-09-01,2009.66666666667,4.15,6.3,4.5,2.5,6.5,4.5,2.5,6.5,4.34,8.65,4.130726471152,11.9667013527575,7.30947034000144,12.9860331665837,8.28640326488754,404094.333333333,408680.682825495,-1.12223300119133,82.13,83.6888750259394,-1.86270280901282,3228167.9,-34523.39,-1.07,4.36,4.1107704101188,-1.46,-1.27051094750511,-1.03465798883432
2009,"Oct",2009-10-01,2009.75,4.29,6,4.5,2.5,6.5,4.5,2.5,6.5,4.17,8.65,4.30066237880387,12.1900826446281,7.69903296978793,12.5914298294919,8.08431393826623,405956.916666667,411061.656787669,-1.24184292957285,79.15,83.4613420222539,-5.16567541066423,3252378.5,-30420.55,-0.94,4.34,4.130726471152,-1.07,-1.86270280901282,-1.12223300119133
2009,"Nov",2009-11-01,2009.83333333333,4.35,6.1,4.5,2.5,6.5,4.5,2.5,6.5,4.22,8.65,4.2506236806755,12.4102564102564,7.85862253910614,12.2506996856733,7.70552646869436,407952.5,413444.416466093,-1.32833247889401,79.27,83.2444369786714,-4.77441751415745,3288209.5,-43661.51,-1.33,4.17,4.30066237880387,-0.94,-5.16567541066423,-1.24184292957285
2009,"Dec",2009-12-01,2009.91666666667,4.39,6.3,4.5,2.5,6.5,4.5,2.5,6.5,4.31,8.65,4.16067491132204,12.6272912423625,7.97362788070419,12.0039559325131,7.37604825281668,410073.916666667,415828.498459068,-1.38388345525289,79.87,83.0388698813367,-3.81612838164225,3333039.4,-64768.83,-1.94,4.22,4.2506236806755,-1.33,-4.77441751415745,-1.32833247889401
2010,"Jan",2010-01-01,2010,4.49,6.4,4.5,2.5,6.5,4.5,2.5,6.5,4.59,8.65,3.88182426618224,13.7512639029323,8.7592158934241,11.7292312627236,6.82592146737124,412133.833333333,418213.396988999,-1.45369892486382,79.59,82.8453200494385,-3.92939522413083,3372644.4,-73640.46,-2.18,4.31,4.16067491132204,-1.94,-3.81612838164225,-1.38388345525289
2010,"Feb",2010-02-01,2010.08333333333,4.49,7,4.5,2.5,6.5,4.5,2.5,6.5,4.83,8.65,3.6439950395879,12.7236580516899,7.52996093836673,11.6045869020428,6.46245054091656,414403.25,420598.561875651,-1.47297504965856,81.53,82.6644423510121,-1.37234622135961,3413499.6,-73431.31,-2.15,4.59,3.88182426618224,-2.18,-3.92939522413083,-1.45369892486382
2010,"Mar",2010-03-01,2010.16666666667,4.57,7,4.5,2.5,6.5,4.5,2.5,6.5,5.17,8.65,3.30892840163544,12.5,6.96966815631834,11.4291348732594,5.95144515856172,416757.833333333,422983.396028578,-1.47182200381786,78.75,82.4968665358804,-4.54182891207242,3463309.7,-65124.44,-1.88,4.83,3.6439950395879,-2.15,-1.37234622135961,-1.47297504965856
2010,"Apr",2010-04-01,2010.25,4.72,5.9,4.5,2.5,6.5,4.5,2.5,6.5,5.26,8.72,3.28709861295839,12.280701754386,6.66986676266954,11.3672113096994,5.80202480495855,419217.916666667,425367.254554007,-1.44565380186292,77.18,82.3432136004553,-6.27035717297623,3511531.8,-73538.6,-2.09,5.17,3.30892840163544,-1.88,-4.54182891207242,-1.47182200381786
2010,"May",2010-05-01,2010.33333333333,4.8,6,4.5,2.5,6.5,4.5,2.5,6.5,5.22,9.4,3.97262877779889,12.0656370656371,6.50602268165468,11.3667529425395,5.84181043769196,421564.333333333,427749.444521402,-1.44596591936875,77.66,82.204075630139,-5.52779846413475,3558737,-71913.23,-2.02,5.26,3.28709861295839,-2.09,-6.27035717297623,-1.44565380186292
2010,"Jun",2010-06-01,2010.41666666667,4.78,6,4.5,2.5,6.5,4.5,2.5,6.5,4.84,9.94,4.86455551316292,11.8546845124283,6.6908474937317,11.4416069664032,6.29683991453946,423865.666666667,430129.22555164,-1.45620397612851,76.4,82.0800048707238,-6.92008349618131,3603877.2,-70730.88,-1.96,5.22,3.97262877779889,-2.02,-5.52779846413475,-1.44596591936875
2010,"Jul",2010-07-01,2010.5,4.92,6,4.5,2.5,6.5,4.5,2.5,6.5,4.6,10.32,5.46845124282982,11.6477272727273,6.73778897966277,11.543384698363,6.638035084477,426379.083333333,432505.809540975,-1.41656506629225,76.44,81.9715185056906,-6.74809812789625,3651309,-69846.99,-1.91,4.84,4.86455551316292,-1.96,-6.92008349618131,-1.45620397612851
2010,"Aug",2010-08-01,2010.58333333333,4.98,6.1,4.5,2.5,6.5,4.5,2.5,6.5,4.49,10.66,5.90487127954828,11.4446529080675,6.65580716630063,11.7702373233535,6.96740101766058,429362.166666667,434878.36005573,-1.26844513218733,76.82,81.8790898913211,-6.17873244321123,3701182.8,-69555.08,-1.88,4.6,5.46845124282982,-1.91,-6.74809812789625,-1.41656506629225
2010,"Sep",2010-09-01,2010.66666666667,5.09,6,4.5,2.5,6.5,4.5,2.5,6.5,4.7,10.66,5.69245463228272,11.2453531598513,6.25153119374529,12.0963849986537,7.06436007512294,432680.75,437245.993388105,-1.04409038782279,75.57,81.80314970243,-7.61969401557756,3748968.7,-103130.8,-2.75,4.49,5.90487127954828,-1.88,-6.17873244321123,-1.26844513218733
2010,"Oct",2010-10-01,2010.75,5.16,5.9,4.5,2.5,6.5,4.5,2.5,6.5,5.2,10.66,5.19011406844105,11.0497237569061,5.56057391340881,12.5481100224999,6.98489545865009,436250.25,439607.783267084,-0.763756556385553,75.18,81.7440895776412,-8.03004793564507,3790771.7,-99105.86,-2.61,4.7,5.69245463228272,-2.75,-7.61969401557756,-1.04409038782279
2010,"Nov",2010-11-01,2010.83333333333,5.23,6,4.5,2.5,6.5,4.5,2.5,6.5,5.63,10.66,4.76190476190477,10.8576642335766,4.94903363966357,12.8815231203092,6.86502236136435,439369.416666667,441962.768196002,-0.586780542605525,75.74,81.7022530602857,-7.29753811793458,3841254.4,-90998.43,-2.37,5.2,5.19011406844105,-2.61,-8.03004793564507,-0.763756556385553
2010,"Dec",2010-12-01,2010.91666666667,5.38,6.2,4.5,2.5,6.5,4.5,2.5,6.5,5.91,10.66,4.48494004343312,10.6690777576854,4.49351124321156,13.0941334583357,6.78324375255943,442016,444309.960771305,-0.516297399077625,73.74,81.6779330448603,-9.71857728145561,3885847,-101696.05,-2.62,5.63,4.76190476190477,-2.37,-7.29753811793458,-0.586780542605525
2011,"Jan",2011-01-01,2011,5.46,6.4,4.5,2.5,6.5,4.5,2.5,6.5,5.99,10.85,4.58533823945655,9.33333333333333,3.15438563386481,13.2685216773502,6.86717773124845,444412.916666667,446648.35357901,-0.500491470399655,73.19,81.671376420821,-10.3847599887624,3929048.6,-103360.28,-2.63,5.91,4.48494004343312,-2.62,-9.71857728145561,-0.516297399077625
2011,"Feb",2011-02-01,2011.08333333333,5.42,6.6,4.5,2.5,6.5,4.5,2.5,6.5,6.01,11.17,4.8674653334591,8.99470899470899,2.81549758957551,13.4397294473952,7.00851754305749,447045.833333333,448976.92150482,-0.430108559926412,74.67,81.6827688281365,-8.5853710993706,3978014.6,-108098.65,-2.72,5.99,4.58533823945655,-2.63,-10.3847599887624,-0.500491470399655
2011,"Mar",2011-03-01,2011.16666666667,5.38,6.8,4.5,2.5,6.5,4.5,2.5,6.5,6.3,11.62,5.00470366886172,8.74890638670166,2.30376894327531,13.5025253988704,6.77565888887148,449408.083333333,451294.622185691,-0.418028214743915,74.77,81.7122304640645,-8.49595026917985,4015980.2,-121857.63,-3.03,6.01,4.8674653334591,-2.72,-8.5853710993706,-0.430108559926412
2011,"Apr",2011-04-01,2011.25,5.38,6.6,4.5,2.5,6.5,4.5,2.5,6.5,6.51,11.74,4.91033705755328,8.50694444444445,1.8748891601206,13.580492670848,6.63833693629521,451950,453600.398358217,-0.363844115699696,72.21,81.7598274149831,-11.6803419441086,4058947.1,-119620.34,-2.95,6.3,5.00470366886172,-3.03,-8.49595026917985,-0.418028214743915
2011,"May",2011-05-01,2011.33333333333,5.16,7,4.5,2.5,6.5,4.5,2.5,6.5,6.55,11.92,5.03988737681837,8.2687338501292,1.61307728777962,13.6920908869176,6.70304165829902,454487,455893.178202357,-0.308444668529972,73.42,81.8255722006833,-10.2725492466683,4111272.3,-126638.9,-3.08,6.51,4.91033705755328,-2.95,-11.6803419441086,-0.363844115699696
2011,"Jun",2011-06-01,2011.41666666667,5.08,6.8,4.5,2.5,6.5,4.5,2.5,6.5,6.71,12.1,5.05107300159311,8.03418803418803,1.24092215742482,13.9737335217551,6.80698483905455,457555.666666667,458171.877163519,-0.134493304274186,72.38,81.909403654014,-11.634077686936,4158547.4,-137829.5,-3.31,6.55,5.03988737681837,-3.08,-10.2725492466683,-0.308444668529972
2011,"Jul",2011-07-01,2011.5,5.33,6.7,4.5,2.5,6.5,4.5,2.5,6.5,6.87,12.25,5.03415364461497,7.80322307039865,0.873232029941651,14.2038746803179,6.86242601321032,460527,460435.399836967,0.0198942485884368,71.76,82.0111957500168,-12.4997515964334,4196989.2,-150086.98,-3.58,6.71,5.05107300159311,-3.31,-11.634077686936,-0.134493304274186
2011,"Aug",2011-08-01,2011.58333333333,5.44,6.8,4.5,2.5,6.5,4.5,2.5,6.5,7.23,12.42,4.84006341508907,7.57575757575758,0.322444815590384,14.235985073361,6.53360540274273,463033.416666667,462682.646063258,0.0758123535415045,73.43,82.1307489343784,-10.5937776621643,4239493.9,-149454.94,-3.53,6.87,5.03415364461497,-3.58,-12.4997515964334,0.0198942485884368
2011,"Sep",2011-09-01,2011.66666666667,5.67,6.9,4.5,2.5,6.5,4.5,2.5,6.5,7.31,11.91,4.28664616531544,7.3517126148705,0.0388711349086801,14.0590978869537,6.28934664705409,464957.083333333,464912.516389738,0.00958609244192665,78.12,82.2677845540561,-5.04180898578922,4272946.9,-129394.4,-3.03,7.23,4.84006341508907,-3.53,-10.5937776621643,0.0758123535415045
2011,"Oct",2011-10-01,2011.75,5.66,7,4.5,2.5,6.5,4.5,2.5,6.5,6.97,11.7,4.42180050481442,7.13101160862356,0.150520340865223,13.6650703673532,6.25882992180344,466310,467123.914070318,-0.1742394353622,78.22,82.4219568206004,-5.09810368825188,4305785.2,-133591.98,-3.1,7.31,4.28664616531544,-3.03,-5.04180898578922,0.00958609244192665
2011,"Nov",2011-11-01,2011.83333333333,5.61,6.9,4.5,2.5,6.5,4.5,2.5,6.5,6.64,11.4,4.46361590397599,6.91358024691358,0.25654561788595,13.4747837908668,6.40921210696439,468202.666666667,469315.742702788,-0.237169976381235,78.06,82.5928879410492,-5.4882303477323,4338896,-137629.95,-3.17,6.97,4.42180050481442,-3.1,-5.09810368825188,-0.1742394353622
2011,"Dec",2011-12-01,2011.91666666667,5.39,6.7,4.5,2.5,6.5,4.5,2.5,6.5,6.5,10.9,4.13145539906103,6.69934640522875,0.187179723219488,13.4184723595287,6.49621817796124,470384.166666667,471486.89960474,-0.233884109823157,79.39,82.7801676999331,-4.09538636382329,4376382,-128710.48,-2.94,6.64,4.46361590397599,-3.17,-5.4882303477323,-0.237169976381235
2012,"Jan",2012-01-01,2012,5.32,6.5,4.5,2.5,6.5,4.5,2.5,6.5,6.22,10.7,4.21766145735265,7.51219512195122,1.21652713420375,13.4470049409651,6.80380807848342,472844.833333333,473636.27350521,-0.167098724516968,76.75,82.9833509057992,-7.51156808897142,4412981.7,-136978.3,-3.1,6.5,4.13145539906103,-2.94,-4.09538636382329,-0.233884109823157
2012,"Feb",2012-02-01,2012.08333333333,5.29,6.6,4.5,2.5,6.5,4.5,2.5,6.5,5.85,10.4,4.29853566367502,8.31715210355988,2.33080028678307,13.3268926333999,7.06366805233807,475082.25,475762.744624497,-0.143032347989835,75.45,83.2019662084895,-9.31704689413765,4448184.5,-138579.46,-3.12,6.22,4.21766145735265,-3.1,-7.51156808897142,-0.167098724516968
2012,"Mar",2012-03-01,2012.16666666667,5.37,6.4,4.5,2.5,6.5,4.5,2.5,6.5,5.24,9.82,4.35195743063475,8.94609814963798,3.52156798711325,13.2641687286438,7.62463771250836,477477,477865.187076111,-0.0812335961290378,79,83.4354941610043,-5.31607585669138,4489325.6,-135421,-3.02,5.85,4.29853566367502,-3.12,-9.31704689413765,-0.143032347989835
2012,"Apr",2012-04-01,2012.25,5.49,6.4,4.5,2.5,6.5,4.5,2.5,6.5,5.1,9.35,4.04376784015223,9.56799999999999,4.25118934348239,13.1142960512433,7.62540061964163,479887.916666667,479942.469722826,-0.011366582372041,81.1,83.68335550179,-3.08706012838452,4520587.8,-131608.34,-2.91,5.24,4.35195743063475,-3.02,-5.31607585669138,-0.0812335961290378
2012,"May",2012-05-01,2012.33333333333,5.52,6.3,4.5,2.5,6.5,4.5,2.5,6.5,4.99,8.87,3.69559005619582,10.1829753381066,4.94616186123118,12.9229464411696,7.55590669698976,482282.083333333,481993.458432151,0.0598814975874662,85.53,83.9449367448005,1.88821782071054,4554177.4,-126755.57,-2.78,5.1,4.04376784015223,-2.91,-3.08706012838452,-0.011366582372041
2012,"Jun",2012-06-01,2012.41666666667,5.49,6.4,4.5,2.5,6.5,4.5,2.5,6.5,4.92,8.39,3.30728173846742,10.7911392405063,5.59582466689512,12.5089602330895,7.23309210168654,484368.5,484017.018650655,0.0726175600858969,87,84.2196044706901,3.30136379383918,4585739,-116179.86,-2.53,4.99,3.69559005619582,-2.78,1.88821782071054,0.0598814975874662
2012,"Jul",2012-07-01,2012.5,5.54,6.2,4.5,2.5,6.5,4.5,2.5,6.5,5.2,8.07,2.72813688212927,11.3926042486231,5.88650593975582,12.0995881585447,6.55854387694361,486391.083333333,486012.018051957,0.0779950427759912,85.92,84.5067374905405,1.67236666735322,4627426.9,-107960.14,-2.33,4.92,3.30728173846742,-2.53,3.30136379383918,0.0726175600858969
2012,"Aug",2012-08-01,2012.58333333333,5.63,6.4,4.5,2.5,6.5,4.5,2.5,6.5,5.24,7.85,2.48004561003421,11.9874804381847,6.41151695000444,11.8258830184939,6.25796562000562,488549.083333333,487977.327021719,0.117168622383246,86.89,84.8057360691032,2.45769216506586,4671291.7,-106395.37,-2.28,5.2,2.72813688212927,-2.33,1.67236666735322,0.0779950427759912
2012,"Sep",2012-09-01,2012.66666666667,5.58,6.3,4.5,2.5,6.5,4.5,2.5,6.5,5.28,7.39,2.00417933130701,12.5758754863813,6.92997291639563,11.7752195001472,6.16947140971429,491084.583333333,489911.818870491,0.239382765973217,87.63,85.1160113759323,2.95360248139935,4703853.6,-99889.48,-2.12,5.24,2.48004561003421,-2.28,2.45769216506586,0.117168622383246
2012,"Oct",2012-10-01,2012.75,5.44,6.3,4.5,2.5,6.5,4.5,2.5,6.5,5.45,7.23,1.68800379326695,13.1578947368421,7.30952559207405,11.9635983635587,6.17695435140706,494047.833333333,491814.371320521,0.454127033094953,87.34,85.4369906628654,2.22738338788633,4751483.1,-98352.28,-2.07,5.28,2.00417933130701,-2.12,2.95360248139935,0.239382765973217
2012,"Nov",2012-11-01,2012.83333333333,5.36,6.5,4.5,2.5,6.5,4.5,2.5,6.5,5.53,7.14,1.52563252155784,13.7336412625096,7.77375273619789,11.9667502061422,6.09945058859303,496656.166666667,493683.871143168,0.60206453911813,87.99,85.7681205798007,2.59056559147985,4786545.6,-84632.57,-1.77,5.45,1.68800379326695,-2.07,2.22738338788633,0.454127033094953
2012,"Dec",2012-12-01,2012.91666666667,5.5,6.4,4.5,2.5,6.5,4.5,2.5,6.5,5.84,7.16,1.24716553287982,14.3032159264931,7.99623575821347,11.9087458882636,5.73388689367313,499124.666666667,495519.222343293,0.727609376347371,88.5,86.1088624603502,2.77687739836399,4814760,-104951.19,-2.18,5.53,1.52563252155784,-1.77,2.59056559147985,0.60206453911813
2013,"Jan",2013-01-01,2013,5.54,6.3,4.5,2.5,6.5,4.5,2.5,6.5,6.15,7.11,0.904380593499754,13.7326073805203,7.14329475319855,11.7511267411947,5.2766149234053,501246.166666667,497319.351860138,0.789596220585631,86,86.4586947822579,-0.530536325366793,4859459.1,-109186.59,-2.25,5.84,1.24716553287982,-2.18,2.77687739836399,0.727609376347371
2013,"Feb",2013-02-01,2013.08333333333,5.5,6.9,4.5,2.5,6.5,4.5,2.5,6.5,6.31,7.12,0.76192267895776,13.1759784881984,6.45845027579568,11.6415323886462,5.01508079074993,503143.416666667,499083.214452725,0.813532111753013,83.58,86.8171144734016,-3.72865936979903,4890027.5,-96640.99,-1.98,6.15,0.904380593499754,-2.25,-0.530536325366793,0.789596220585631
2013,"Mar",2013-03-01,2013.16666666667,5.5,6.9,4.5,2.5,6.5,4.5,2.5,6.5,6.59,7.15,0.525377615160871,12.7159946832078,5.74725085205721,11.5695194462621,4.67165723450798,505104.583333333,500809.795179582,0.857568720717894,82.97,87.1836149223492,-4.83303534282452,4926899.2,-89699.09,-1.82,6.31,0.76192267895776,-1.98,-3.72865936979903,0.813532111753013
2013,"Apr",2013-04-01,2013.25,5.48,7,4.5,2.5,6.5,4.5,2.5,6.5,6.49,7.26,0.723072588975504,12.2663551401869,5.424316968905,11.5400788797427,4.74230338974808,507089,502498.110427952,0.913613300582905,83.3,87.5576645399315,-4.86269770019929,4987524.1,-85787.73,-1.72,6.59,0.525377615160871,-1.82,-4.83303534282452,0.857568720717894
2013,"May",2013-05-01,2013.33333333333,5.63,7.2,4.5,2.5,6.5,4.5,2.5,6.5,6.5,7.42,0.863849765258218,11.826714801444,5.00161014220097,11.6477071541801,4.8335278443006,509533.333333333,504147.209723878,1.06836326881692,84.33,87.9386992245208,-4.10365317697871,5026997,-88815.71,-1.77,6.49,0.723072588975504,-1.72,-4.86269770019929,0.913613300582905
2013,"Jun",2013-06-01,2013.41666666667,5.66,7.2,4.5,2.5,6.5,4.5,2.5,6.5,6.7,7.9,1.12464854732897,11.3967437874893,4.40182173148014,11.8651112396383,4.84077904370979,512103,505756.178016934,1.25491734138603,90.18,88.3261220221376,2.0989011352698,5066353.2,-91450.05,-1.81,6.5,0.863849765258218,-1.77,-4.10365317697871,1.06836326881692
2013,"Jul",2013-07-01,2013.5,5.74,7.2,4.5,2.5,6.5,4.5,2.5,6.5,6.27,8.23,1.8443587089489,10.9761265715497,4.42846200390481,12.0615198958239,5.44981640709878,514558.583333333,507324.141816286,1.42599985310128,93.45,88.7193081339023,5.332201034478,5109929.7,-88167.31,-1.73,6.7,1.12464854732897,-1.81,2.0989011352698,1.25491734138603
2013,"Aug",2013-08-01,2013.58333333333,6.01,7,4.5,2.5,6.5,4.5,2.5,6.5,6.09,8.45,2.22452634555568,10.5645612073784,4.2177030892435,12.166306167784,5.72750133639743,516834.416666667,508850.276603497,1.56905487336321,98.06,89.1176470655487,10.0343234240396,5144959.4,-84738.83,-1.65,6.27,1.8443587089489,-1.73,5.332201034478,1.42599985310128
2013,"Sep",2013-09-01,2013.66666666667,6.19,7.1,4.5,2.5,6.5,4.5,2.5,6.5,5.86,8.9,2.87171736255432,10.1617586063874,4.06362989456583,12.1887357269733,5.97840140466017,519286.75,510333.813681435,1.75432943664477,94.79,89.5205648250625,5.88628454839943,5190038.5,-74100.37,-1.43,6.09,2.22452634555568,-1.65,10.0343234240396,1.56905487336321
2013,"Oct",2013-10-01,2013.75,6.24,7.1,4.5,2.5,6.5,4.5,2.5,6.5,5.84,9.25,3.22184429327286,9.76744186046512,3.71073493997083,12.1228560494033,5.93618296428882,521862.5,511774.045958987,1.97127113433597,91.47,89.9275564200667,1.7152068190625,5234346.7,-67890.37,-1.3,5.86,2.87171736255432,-1.43,5.88628454839943,1.75432943664477
2013,"Nov",2013-11-01,2013.83333333333,6.15,7.2,4.5,2.5,6.5,4.5,2.5,6.5,5.77,9.45,3.47924742365509,9.38134560714769,3.41433828793389,12.1637470626968,6.04495325961687,524648.583333333,513170.335426338,2.23673254562913,94.71,90.3381575174061,4.83941957943019,5278071.3,-103151.09,-1.95,5.84,3.22184429327286,-1.3,1.7152068190625,1.97127113433597
2013,"Dec",2013-12-01,2013.91666666667,6.04,7.1,4.5,2.5,6.5,4.5,2.5,6.5,5.91,9.9,3.76734963648382,9.0032154340836,2.92060752911303,12.1871594354457,5.92688078127253,527280.416666667,514522.121916679,2.47963969021603,95.87,90.7519156854965,5.63964328008275,5331619,-91306.12,-1.71,5.77,3.47924742365509,-1.95,4.83941957943019,2.23673254562913
2014,"Jan",2014-01-01,2014,5.99,7.3,4.5,2.5,6.5,4.5,2.5,6.5,5.59,10.17,4.33753196325408,8.80319148936171,3.04308314173851,12.2942001005333,6.34927559478482,530078.416666667,515828.93382994,2.76244349670873,95.6,91.168412226106,4.86088072138762,5376008.7,-80976.01,-1.51,5.91,3.76734963648382,-1.71,5.63964328008275,2.47963969021603
2014,"Feb",2014-02-01,2014.08333333333,6.07,7.2,4.5,2.5,6.5,4.5,2.5,6.5,5.68,10.43,4.49470098410296,8.60612460401266,2.76885371310813,12.4230246374471,6.38060620500294,532868,517090.398009678,3.05122702936491,94.72,91.5872679323938,3.42048860974717,5433417.2,-86137.56,-1.59,5.59,4.33753196325408,-1.51,4.86088072138762,2.76244349670873
2014,"Mar",2014-03-01,2014.16666666667,6.14,7.2,4.5,2.5,6.5,4.5,2.5,6.5,6.15,10.65,4.23928403203013,8.41194968553459,2.13089937403161,12.4217745472131,5.90840748677637,535181.583333333,518306.251249156,3.25586119085124,91.68,92.0081377918698,-0.356639966577799,5475987.8,-86217.11,-1.57,5.68,4.49470098410296,-1.59,3.42048860974717,3.05122702936491
2014,"Apr",2014-04-01,2014.25,6.06,7.5,4.5,2.5,6.5,4.5,2.5,6.5,6.28,10.87,4.31878057960107,8.22060353798128,1.82593483061846,12.3421148600533,5.70390935270351,537101.166666667,519476.352082404,3.39280402536339,87.63,92.4307009643585,-5.19383810170355,5509204.3,-92784.57,-1.68,6.15,4.23928403203013,-1.57,-0.356639966577799,3.25586119085124
2014,"May",2014-05-01,2014.33333333333,5.93,7.2,4.5,2.5,6.5,4.5,2.5,6.5,6.37,10.9,4.25871956378676,8.03202479338842,1.56249393004457,12.0362156532982,5.3268925949969,538352.583333333,520600.689254342,3.40988677990761,86.9,92.8546340777578,-6.41285611310607,5549143,-76057.25,-1.37,6.28,4.31878057960107,-1.68,-5.19383810170355,3.39280402536339
2014,"Jun",2014-06-01,2014.41666666667,5.94,7.4,4.5,2.5,6.5,4.5,2.5,6.5,6.52,10.9,4.11190386781826,7.84615384615385,1.24498107975388,11.6212696280758,4.78902518595175,539162.583333333,521679.387503831,3.35132961897484,87.05,93.279576717519,-6.67839299526867,5575730.9,-68528.21,-1.23,6.37,4.25871956378676,-1.37,-6.41285611310607,3.40988677990761
2014,"Jul",2014-07-01,2014.5,5.92,7.2,4.5,2.5,6.5,4.5,2.5,6.5,6.5,10.9,4.13145539906103,7.66293279022404,1.09195567157188,11.2297920097912,4.44111925801987,539879.583333333,522712.70854422,3.28418928954755,87.49,93.7051225228438,-6.6326390228332,5610038.7,-61526.28,-1.1,6.52,4.11190386781826,-1.23,-6.67839299526867,3.35132961897484
2014,"Aug",2014-08-01,2014.58333333333,6.18,7.2,4.5,2.5,6.5,4.5,2.5,6.5,6.51,10.9,4.12167871561355,7.48230535894842,0.912877062199269,10.9680938241806,4.18561057570237,540929.5,523701.048990072,3.2897491886168,88.77,94.1308170652115,-5.69507121296701,5640035.7,-47498.13,-0.84,6.5,4.13145539906103,-1.1,-6.6326390228332,3.28418928954755
2014,"Sep",2014-09-01,2014.66666666667,6.29,7.3,4.5,2.5,6.5,4.5,2.5,6.5,6.75,10.9,3.88758782201406,7.30421686746988,0.519172709573668,10.7644010852563,3.76056307752344,542265.5,524644.937916383,3.35856896925311,89.59,94.5561579599095,-5.25207249010163,5683722.3,-31055.01,-0.55,6.51,4.12167871561355,-0.84,-5.69507121296701,3.2897491886168
2014,"Oct",2014-10-01,2014.75,6.38,7.5,4.5,2.5,6.5,4.5,2.5,6.5,6.59,10.92,4.06229477436906,7.12861415752743,0.505313967095811,10.5719394882431,3.73575334294316,543692,525545.037333747,3.45297955020529,92.87,94.9806014578958,-2.22213949532776,5716978,-28595.24,-0.5,6.75,3.88758782201406,-0.55,-5.25207249010163,3.35856896925311
2014,"Nov",2014-11-01,2014.83333333333,6.5,7.5,4.5,2.5,6.5,4.5,2.5,6.5,6.56,11.15,4.30743243243243,6.95544554455444,0.371101299319121,10.3315840907909,3.53939948460107,545030.416666667,526402.145213877,3.53879094569827,94.97,95.4035654910084,-0.454454179754138,5745161.4,9234.34,0.16,6.59,4.06229477436906,-0.5,-2.22213949532776,3.45297955020529
2014,"Dec",2014-12-01,2014.91666666667,6.62,7.4,4.5,2.5,6.5,4.5,2.5,6.5,6.41,11.58,4.85856592425522,6.78466076696165,0.352091689654777,10.1097497786993,3.47688166403468,546347.583333333,527217.199551344,3.62855836233522,96.64,95.8244517055803,0.851085792721729,5778953,32535.92,0.56,6.56,4.30743243243243,0.16,-0.454454179754138,3.53879094569827
2015,"Jan",2015-01-01,2015,6.64,7.2,4.5,2.5,6.5,4.5,2.5,6.5,7.14,11.82,4.36811648310624,6.9665118552921,-0.161926586436323,9.6860986799738,2.37642213923259,546718.5,527991.282077386,3.54688013956057,93.33,96.242658402532,-3.02636944040958,5800025.9,31394.41,0.54,6.41,4.85856592425522,0.56,0.851085792721729,3.62855836233522
2015,"Feb",2015-02-01,2015.08333333333,6.55,7.9,4.5,2.5,6.5,4.5,2.5,6.5,7.7,12.15,4.13184772516249,7.14632960622265,-0.514085788094099,9.16985681434511,1.36476955835201,546434.833333333,528725.622134225,3.34941422502364,98.77,96.6575901755941,2.18545674537132,5811266.1,35824.28,0.62,7.14,4.36811648310624,0.54,-3.02636944040958,3.54688013956057
2015,"Mar",2015-03-01,2015.16666666667,6.47,8.4,4.5,2.5,6.5,4.5,2.5,6.5,8.13,12.58,4.1154166281328,7.32414793328499,-0.745262246106537,8.72833122622941,0.553344332034977,545835.5,529421.593564223,3.10034698911199,106.96,97.068629144282,10.190079887721,5849624.5,39164.49,0.67,7.7,4.13184772516249,0.62,2.18545674537132,3.34941422502364
2015,"Apr",2015-04-01,2015.25,6.01,8.8,4.5,2.5,6.5,4.5,2.5,6.5,8.17,12.68,4.16936303965978,7.5,-0.619395396135725,8.31204174184639,0.131313434266778,544917.166666667,530080.706854887,2.79890583073823,103.69,97.4751737275692,6.3758042532968,5867021.2,42615.28,0.73,8.13,4.1154166281328,0.67,10.190079887721,3.10034698911199
2015,"May",2015-05-01,2015.33333333333,5.97,8.9,4.5,2.5,6.5,4.5,2.5,6.5,8.47,13.15,4.31455702037429,7.67391824049725,-0.733918834242409,8.04843952354174,-0.388642460088728,544072.5,530704.59914424,2.51889674167425,104.13,97.8766986667354,6.38895816721075,5878032.1,38469.33,0.65,8.17,4.16936303965978,0.73,6.3758042532968,2.79890583073823
2015,"Jun",2015-06-01,2015.41666666667,6.04,9.2,4.5,2.5,6.5,4.5,2.5,6.5,8.89,13.58,4.30709890715399,7.84593437945792,-0.958825990028556,7.83633586861528,-0.967640859018026,542987.916666667,531295.022049159,2.2008289429118,105.07,98.2727266569663,6.91674442570462,5907266.7,45692,0.77,8.47,4.31455702037429,0.65,6.38895816721075,2.51889674167425
2015,"Jul",2015-07-01,2015.5,5.8,9.7,4.5,2.5,6.5,4.5,2.5,6.5,9.56,13.69,3.76962395034686,8.01607945140695,-1.40920093883995,7.6009469921341,-1.78810971875309,541519.583333333,531853.830333904,1.81737019612351,108.32,98.6628286442303,9.78805441570361,5927538.5,50995.51,0.86,8.89,4.30709890715399,0.77,6.91674442570462,2.2008289429118
2015,"Aug",2015-08-01,2015.58333333333,5.63,10,4.5,2.5,6.5,4.5,2.5,6.5,9.53,14.15,4.2180224596001,8.18438381937912,-1.22853663893078,7.18674167174052,-2.13937581325616,539342.75,532382.968985688,1.30728844079524,116.79,99.0466280225902,17.9141605642173,5945152.7,43845.47,0.74,9.56,3.76962395034686,0.86,9.78805441570361,1.81737019612351
2015,"Sep",2015-09-01,2015.66666666667,5.81,10,4.5,2.5,6.5,4.5,2.5,6.5,9.49,14.15,4.25609644716411,8.35087719298246,-1.04038981369763,6.55363524146079,-2.6818565700422,536281,532884.457573155,0.637388157709395,129.34,99.4238227013236,30.0895464345067,5953369.4,25672.81,0.43,9.53,4.2180224596001,0.74,17.9141605642173,1.30728844079524
2015,"Oct",2015-10-01,2015.75,6.32,10,4.5,2.5,6.5,4.5,2.5,6.5,9.93,14.15,3.83880651323569,8.51558864588181,-1.28664727928518,5.98991439229502,-3.58417684681613,533562.083333333,533360.369366959,0.0378194515301855,127.47,99.7942474984403,27.7328134590044,5965712.9,40931.64,0.69,9.49,4.25609644716411,0.43,30.0895464345067,0.637388157709395
2015,"Nov",2015-11-01,2015.83333333333,6.92,10.1,4.5,2.5,6.5,4.5,2.5,6.5,10.48,14.15,3.32186821144098,8.67854663272391,-1.63056966625279,5.72670474226053,-4.302403383182,532055.75,533812.803845644,-0.329151686318829,121.97,100.157968066652,21.7776302319079,5980761.4,52414.38,0.88,9.93,3.83880651323569,0.69,27.7328134590044,0.0378194515301855
2015,"Dec",2015-12-01,2015.91666666667,7.01,11,4.5,2.5,6.5,4.5,2.5,6.5,10.67,14.15,3.14448359989157,8.83977900552486,-1.65376433945527,5.88898355475585,-4.32006546059832,532352.666666667,534243.862044187,-0.353994778767242,122.1,100.515263606143,21.4740882324443,5995787,111248.87,1.86,10.48,3.32186821144098,0.88,21.7776302319079,-0.329151686318829
2016,"Jan",2016-01-01,2016,6.84,11.3,4.5,2.5,6.5,4.5,2.54166666666667,6.45833333333333,10.71,14.15,3.10721705356336,9.09506398537476,-1.45870835030733,6.19776541736428,-4.07572448978025,532506.583333333,534655.631440055,-0.401949961872317,122.64,100.866581619813,21.5863549954097,6003128.3,104398.84,1.74,10.67,3.14448359989157,1.86,21.4740882324443,-0.353994778767242
2016,"Feb",2016-02-01,2016.08333333333,6.77,11.4,4.5,2.5,6.5,4.5,2.58333333333333,6.41666666666667,10.36,14.15,3.43421529539689,9.34664246823958,-0.918229006669458,6.51643506778052,-3.4827518414457,532327.75,535050.184918153,-0.508818610831763,120.27,101.212536159454,18.8291535452898,6026858.5,125139.15,2.08,10.71,3.10721705356336,1.74,21.5863549954097,-0.401949961872317
2016,"Mar",2016-03-01,2016.16666666667,6.64,11.1,4.5,2.5,6.5,4.5,2.625,6.375,9.39,14.15,4.35140323612759,9.59459459459459,0.187032264918718,6.56695256664134,-2.58071801202915,531012.5,535429.57878123,-0.824959799808733,112.65,101.553909281631,10.9263058378161,6039452.6,136022.04,2.25,10.36,3.43421529539689,2.08,18.8291535452898,-0.508818610831763
2016,"Apr",2016-04-01,2016.25,6.34,10.7,4.5,2.5,6.5,4.5,2.66666666666667,6.33333333333333,9.28,14.15,4.45644216691068,9.83899821109122,0.511528377645698,6.69505602016129,-2.36543189955958,530099.833333333,535795.848325588,-1.06309427556326,110.04,101.891630091237,7.99709446346717,6063168.7,139285.34,2.3,9.39,4.35140323612759,2.25,10.9263058378161,-0.824959799808733
2016,"May",2016-05-01,2016.33333333333,6.05,10.3,4.5,2.5,6.5,4.5,2.70833333333333,6.29166666666667,9.32,14.15,4.41822173435784,10.0799289520426,0.695141741714811,6.66000442861652,-2.43321951279133,528704.166666667,536150.994765134,-1.38894232616865,108.67,102.226713311153,6.3029383222317,6087403.4,150510.26,2.47,9.28,4.45644216691068,2.3,7.99709446346717,-1.06309427556326
2016,"Jun",2016-06-01,2016.41666666667,5.94,10.5,4.5,2.5,6.5,4.5,2.75,6.25,8.84,14.15,4.87872105843439,10.3174603174603,1.35746078414216,6.66402207415626,-1.99924469482152,527438.833333333,536496.975363041,-1.68838641141968,104.88,102.560236537484,2.26185463375819,6118558.5,151248.52,2.47,9.32,4.41822173435784,2.47,6.3029383222317,-1.38894232616865
2016,"Jul",2016-07-01,2016.5,5.72,10,4.5,2.5,6.5,4.5,2.79166666666667,6.20833333333333,8.74,14.15,4.97517013058673,10.5516637478108,1.6660508992191,6.74557542560548,-1.83412228655004,526434.083333333,536835.689922388,-1.93757732287849,99.55,102.89332708305,-3.24931380666833,6133331.9,154045.94,2.51,8.84,4.87872105843439,2.47,2.26185463375819,-1.68838641141968
2016,"Aug",2016-08-01,2016.58333333333,5.39,9.8,4.5,2.5,6.5,4.5,2.83333333333333,6.16666666666667,8.97,14.15,4.75360190878222,10.7826086956522,1.66340157442615,6.96640630909301,-1.83866540415435,525629.416666667,537168.968353185,-2.14821636512158,98.17,103.227130160084,-4.89903202020784,6162708.9,169002.91,2.74,8.74,4.97517013058673,2.51,-3.24931380666833,-1.93757732287849
2016,"Sep",2016-09-01,2016.66666666667,5.21,9.8,4.5,2.5,6.5,4.5,2.875,6.125,8.48,14.15,5.22676991150441,11.0103626943005,2.33256148073424,7.39899261434285,-0.996503858459763,525154.083333333,537498.560306129,-2.2966530302453,99.1,103.562765183541,-4.30923718156048,6187501.9,188327.22,3.04,8.97,4.75360190878222,2.74,-4.89903202020784,-2.14821636512158
2016,"Oct",2016-10-01,2016.75,5,9.1,4.5,2.5,6.5,4.5,2.91666666666667,6.08333333333333,7.87,14.05,5.72911838323908,11.2349914236707,3.11948773863973,7.66198636973108,-0.192837332222973,524351.75,537826.126392169,-2.50534061678216,95.95,103.90131254731,-7.65275466918636,6205866.7,137208.12,2.21,8.48,5.22676991150441,3.04,-4.30923718156048,-2.2966530302453
2016,"Nov",2016-11-01,2016.83333333333,4.93,9.2,4.5,2.5,6.5,4.5,2.95833333333333,6.04166666666667,6.99,13.9,6.45854752780632,11.4565587734242,4.1747441568597,7.56992033737147,0.542032280934168,523383.583333333,538153.231971659,-2.74450616680549,98.84,104.243818210363,-5.18382605619678,6238414.5,156781.98,2.51,7.87,5.72911838323908,2.21,-7.65275466918636,-2.50534061678216
2016,"Dec",2016-12-01,2016.91666666667,4.84,9.1,4.5,2.5,6.5,4.5,3,6,6.29,13.65,6.92445197102269,11.6751269035533,5.06644736433655,7.00037094522702,0.668332811390537,522293.5,538481.338435998,-3.00620231018863,97.55,104.591266778952,-6.73217467939595,6269328,155790.61,2.48,6.99,6.45854752780632,2.51,-5.18382605619678,-2.74450616680549
2017,"Jan",2017-01-01,2017,4.78,7.9,4.5,3,6,4.5,3,6,5.35,13.17,7.42287612719505,11.1960620025136,5.54918082820466,6.54025582053384,1.12981093548536,522003.583333333,538811.793213248,-3.11949554401508,93.08,104.944601163201,-11.3055850722137,6301443.4,146991.41,2.33,6.29,6.92445197102269,2.48,-6.73217467939595,-3.00620231018863
2017,"Feb",2017-02-01,2017.08333333333,4.64,7.6,4.5,3,6,4.5,3,6,4.76,12.82,7.69377625047729,10.7261410788382,5.69505639446179,6.15428384048921,1.33093150103971,521990.583333333,539145.818825312,-3.18192869034137,91.5,105.304709942472,-13.1092996220336,6321826.6,147419.2,2.33,5.35,7.42287612719505,2.33,-11.3055850722137,-3.11949554401508
2017,"Mar",2017-03-01,2017.16666666667,4.56,7.5,4.5,3,6,4.5,3,6,4.57,12.15,7.24873290618724,10.2651048088779,5.44621288025047,6.08397007763096,1.44780537212483,522413.666666667,539484.508101112,-3.16428760754066,92.12,105.672390148278,-12.8249111515894,6354593.3,147822.63,2.33,4.76,7.69377625047729,2.33,-13.1092996220336,-3.18192869034137
2017,"Apr",2017-04-01,2017.25,4.62,7.5,4.5,3,6,4.5,3,6,4.08,11.59,7.21560338201384,9.81270358306189,5.5079780774999,6.04144736233382,1.88455741961358,523330.083333333,539828.821498928,-3.05629071819161,93.26,106.048332294308,-12.0589659616876,6371360.8,145096.15,2.28,4.57,7.24873290618724,2.33,-12.8249111515894,-3.16428760754066
2017,"May",2017-05-01,2017.33333333333,4.67,7.1,4.5,3,6,4.5,3,6,3.6,11.15,7.28764478764479,9.36869705526422,5.56824040083419,6.2828780719955,2.58965064864429,525188.833333333,540179.587757584,-2.7751427051291,95.64,106.43312232334,-10.1407551406329,6405809.5,157707.25,2.46,4.08,7.21560338201384,2.28,-12.0589659616876,-3.05629071819161
2017,"Jun",2017-06-01,2017.41666666667,4.47,6.9,4.5,3,6,4.5,3,6,3,10.15,6.94174757281552,8.93285371702638,5.76005215245281,6.53553761906486,3.43256079520862,527397.083333333,540537.508310827,-2.43099225779112,99.23,106.82724750275,-7.11171323828605,6426159.9,167198.22,2.6,3.6,7.28764478764479,2.46,-10.1407551406329,-2.7751427051291
2017,"Jul",2017-07-01,2017.5,4.44,6.9,4.5,3,6,4.5,3,6,2.71,10.01,7.10738973809757,8.50495049504951,5.64205091524634,6.6517652705008,3.83776192240366,529359.5,540903.168922998,-2.13414703152568,97.45,107.231111819645,-9.12152420474421,6452587.2,170520,2.64,3,6.94174757281552,2.6,-7.11171323828605,-2.43099225779112
2017,"Aug",2017-08-01,2017.58333333333,4.44,6.3,4.5,3,6,4.5,3,6,2.46,9.15,6.52937731797774,8.08477237048665,5.48972513223371,6.63131176620825,4.07116120067175,530982.75,541277.053966275,-1.90185486172793,97.36,107.6450606404,-9.55460527330495,6477780.4,157782.08,2.44,2.71,7.10738973809757,2.64,-9.12152420474421,-2.13414703152568
2017,"Sep",2017-09-01,2017.66666666667,4.06,6.7,4.5,3,6,4.5,3,6,2.54,8.35,5.66608152915933,7.67211201866978,5.00498538976961,6.50357495804437,3.86539395167189,532412.333333333,541659.558741316,-1.70720247778338,97.51,108.069363859845,-9.77091331224974,6497619,152398.89,2.35,2.46,6.52937731797774,2.44,-9.55460527330495,-1.90185486172793
2017,"Oct",2017-10-01,2017.75,4,6.4,4.5,3,6,4.5,3,6,2.7,8.01,5.17039922103215,7.26676946800309,4.44670834274887,6.46584246421565,3.666837842469,533863.416666667,542050.999117417,-1.51048194064429,97.91,108.504212012776,-9.76387166567173,6526728.1,187230.22,2.87,2.54,5.66608152915933,2.35,-9.77091331224974,-1.70720247778338
2017,"Nov",2017-11-01,2017.83333333333,4.01,5.9,4.5,3,6,4.5,3,6,2.8,7.4,4.47470817120623,6.86855177684371,3.95773519148221,6.50974483218188,3.60870119862049,535316.5,542451.619611832,-1.3153467247342,99.87,108.949714157414,-8.33385771374794,6554679.3,148998.58,2.27,2.7,5.17039922103215,2.87,-9.76387166567173,-1.51048194064429
2017,"Dec",2017-12-01,2017.91666666667,3.91,5.8,4.5,3,6,4.5,3,6,2.95,7,3.93394851869839,6.47727272727273,3.42619983222217,6.66510814256618,3.60865288253149,536933.083333333,542861.601566018,-1.09208649416028,100.99,109.405897606518,-7.69236192073134,6585479,110582.68,1.68,2.8,4.47470817120623,2.27,-8.33385771374794,-1.3153467247342
2018,"Jan",2018-01-01,2018,3.98,5.4,4.5,3,6,4.48,2.97916666666667,5.97916666666667,2.86,6.9,3.92766867587011,6.06574361872468,3.11660861240977,6.74727292744189,3.77918814645333,538569.583333333,543281.071266503,-0.86722843521605,99.48,109.872719613325,-9.45887172894245,6624394,100354.58,1.51,2.95,3.93394851869839,1.68,-7.69236192073134,-1.09208649416028
2018,"Feb",2018-02-01,2018.08333333333,4.03,5.4,4.5,3,6,4.46,2.95833333333333,5.95833333333333,2.84,6.72,3.77285103072733,5.65860970582725,2.74077178707435,6.77538325399083,3.82670483663052,539851.75,543710.10925507,-0.709635371752904,101.89,110.350072493588,-7.66657628981616,6653661.3,94300.37,1.42,2.86,3.92766867587011,1.51,-9.45887172894245,-0.86722843521605
2018,"Mar",2018-03-01,2018.16666666667,3.98,5.3,4.5,3,6,4.44,2.9375,5.9375,2.68,6.58,3.79820802493185,5.25580095051719,2.50857124125166,6.68997849350148,3.90531602405677,540754.333333333,544148.759719434,-0.623804855835886,102.57,110.837768372326,-7.45934214820426,6682355,108388.69,1.62,2.84,3.77285103072733,1.42,-7.66657628981616,-0.709635371752904
2018,"Apr",2018-04-01,2018.25,4.04,5,4.5,3,6,4.42,2.91666666666667,5.91666666666667,2.76,6.4,3.54223433242506,4.85724879495736,2.04091941899314,6.39070072546549,3.53318482431439,540919.25,544597.037076016,-0.675322637773068,106.74,111.335554096217,-4.12766086585946,6732545.5,118396.97,1.76,2.68,3.79820802493185,1.62,-7.45934214820426,-0.623804855835886
2018,"May",2018-05-01,2018.33333333333,4.22,5.3,4.5,3,6,4.4,2.89583333333333,5.89583333333333,2.86,6.4,3.44157106747036,4.46288612263716,1.55831822150221,5.82409062333543,2.88167472616705,540509.916666667,545054.929549676,-0.833863274434399,110,111.843112717433,-1.6479447617754,6743822.8,95884.59,1.42,2.76,3.54223433242506,1.76,-4.12766086585946,-0.675322637773068
2018,"Jun",2018-06-01,2018.41666666667,4.3,5.2,4.5,3,6,4.38,2.875,5.875,4.39,6.4,1.92547178848548,4.07264722069345,-0.304006877389174,5.25089363320954,0.824689753050611,539933.833333333,545522.396987285,-1.02444256822731,110.84,112.360091828622,-1.3528752103019,6786171.2,89823.41,1.32,2.86,3.44157106747036,1.42,-1.6479447617754,-0.833863274434399
2018,"Jul",2018-07-01,2018.5,3.73,5.4,4.5,3,6,4.35,2.85416666666667,5.85416666666667,4.48,6.4,1.83767228177643,3.68646774340724,-0.759506371164587,4.94286380315737,0.443016656927031,539990.916666667,545999.364166175,-1.10044954149067,111.84,112.886124800883,-0.926708045588798,6830095.2,77086.21,1.13,4.39,1.92547178848548,1.32,-1.3528752103019,-1.02444256822731
2018,"Aug",2018-08-01,2018.58333333333,3.69,5.7,4.5,3,6,4.33,2.83333333333333,5.83333333333333,4.19,6.4,2.12112486802956,3.3042846768337,-0.850096288670987,4.94398209137162,0.72366070771821,540911.75,546485.712742042,-1.01996495280261,113.82,113.420833276213,0.351934219011407,6873225.6,84432.73,1.23,4.48,1.83767228177643,1.13,-0.926708045588798,-1.10044954149067
2018,"Sep",2018-09-01,2018.66666666667,3.98,5.6,4.5,3,6,4.31,2.8125,5.8125,4.53,6.4,1.78896010714629,2.92603630452452,-1.53445297567728,5.04496997767946,0.492652805586413,542066.833333333,546981.278009105,-0.898466706878676,116.32,113.963830824658,2.06747101978988,6905408.5,87794.46,1.27,4.19,2.12112486802956,1.23,0.351934219011407,-1.01996495280261
2018,"Oct",2018-10-01,2018.75,4,5.7,4.5,3,6,4.29,2.79166666666667,5.79166666666667,4.56,6.4,1.75975516449884,2.55166217430368,-1.92075155479757,5.09406183613958,0.510770692558893,542970.666666667,547485.852252609,-0.824712742322975,106.32,114.514734096252,-7.15605215427034,6948683.1,84753.94,1.22,4.53,1.78896010714629,1.27,2.06747101978988,-0.898466706878676
2018,"Nov",2018-11-01,2018.83333333333,3.74,5.6,4.5,3,6,4.27,2.77083333333333,5.77083333333333,4.05,6.4,2.25852955309949,2.18110306605882,-1.7961527476609,5.0254278137756,0.937460657160605,543329.333333333,547999.189837706,-0.852164855527471,106.72,115.073177921349,-7.25901384861239,6982118.5,99446.69,1.42,4.56,1.75975516449884,1.22,-7.15605215427034,-0.824712742322975
2018,"Dec",2018-12-01,2018.91666666667,3.82,5.4,4.5,3,6,4.25,2.75,5.75,3.75,6.4,2.55421686746988,1.81430096051227,-1.86573401396408,4.83020047593174,1.0411570852354,543348.416666667,548521.010290148,-0.943007382843064,109.46,115.638733899329,-5.34313520304405,7004141,108258.2,1.55,4.05,2.25852955309949,1.42,-7.25901384861239,-0.852164855527471
2019,"Jan",2019-01-01,2019,4.02,5,4.25,2.75,5.75,4.23,2.72916666666667,5.72916666666667,3.78,6.4,2.5245712083253,2.05132759080011,-1.66570862324137,4.58970949518001,0.780217281923301,543294.083333333,549050.997102846,-1.04852077491703,106.18,116.210909176039,-8.63164159643931,7029631.6,108300.96,1.54,3.75,2.55421686746988,1.55,-5.34313520304405,-0.943007382843064
2019,"Feb",2019-02-01,2019.08333333333,4,4.9,4.25,2.75,5.75,4.21,2.70833333333333,5.70833333333333,3.89,6.4,2.41601694099529,2.28763965242064,-1.54236244833896,4.43889542834722,0.528342889928979,543387.583333333,549588.793856724,-1.128336420376,105.64,116.789163221911,-9.54640217836518,7065598.2,105818.21,1.5,3.78,2.5245712083253,1.54,-8.63164159643931,-1.04852077491703
2019,"Mar",2019-03-01,2019.16666666667,3.99,5.1,4.25,2.75,5.75,4.19,2.6875,5.6875,4.58,6.4,1.74029451137885,2.52324037184595,-1.96668543522094,4.41604699948836,-0.156772805996974,543630,550133.999712073,-1.18225736192946,107.76,117.372878108385,-8.19003356082636,7077734.5,99312.17,1.4,3.89,2.41601694099529,1.5,-9.54640217836518,-1.128336420376
2019,"Apr",2019-04-01,2019.25,3.72,5.3,4.25,2.75,5.75,4.17,2.66666666666667,5.66666666666667,4.94,6.4,1.39127120259195,2.75813295615276,-2.07915670273229,4.56046546545914,-0.361668128969761,543840.75,550686.165980339,-1.24307026455855,108.96,117.961349879406,-7.63076201536214,7102860.6,95575,1.35,4.58,1.74029451137885,1.4,-8.19003356082636,-1.18225736192946
2019,"May",2019-05-01,2019.33333333333,3.57,5.4,4.25,2.75,5.75,4.15,2.64583333333333,5.64583333333333,4.66,6.4,1.66252627555896,2.99232059316798,-1.59342576613034,4.87165482424945,0.202230865898567,544241.083333333,551244.793787784,-1.27052636748297,110.69,118.55380040548,-6.63310697639749,7155920,100358.94,1.4,4.94,1.39127120259195,1.35,-7.63076201536214,-1.24307026455855
2019,"Jun",2019-06-01,2019.41666666667,3.6,5.4,4.25,2.75,5.75,4.13,2.625,5.625,3.37,6.4,2.93121795491922,3.2258064516129,-0.139492646209838,5.00821847731743,1.58481036791858,543986.25,551809.331441103,-1.41771459729987,107.71,119.149382102251,-9.60087404602251,7168423.2,99573.96,1.39,4.66,1.66252627555896,1.4,-6.63310697639749,-1.27052636748297
2019,"Jul",2019-07-01,2019.5,3.69,5.3,4.25,2.75,5.75,4.1,2.60416666666667,5.60416666666667,3.22,6.4,3.08079829490409,3.45859368124615,0.231150630930199,5.07338155293934,1.79556437990636,544462.75,552379.173206014,-1.43315019646149,106.95,119.74718670789,-10.6868370437025,7208033.2,98936.29,1.37,3.37,2.93121795491922,1.39,-9.60087404602251,-1.41771459729987
2019,"Aug",2019-08-01,2019.58333333333,3.61,5.1,4.25,2.75,5.75,4.08,2.58333333333333,5.58333333333333,3.43,5.9,2.38808856231267,3.69068541300527,0.252040426380429,4.8501714580052,1.37307498598587,544679.666666667,552953.652984954,-1.49632546482387,110.62,120.346217693733,-8.08186404202976,7238471.9,95508.39,1.32,3.22,3.08079829490409,1.37,-10.6868370437025,-1.43315019646149
2019,"Sep",2019-09-01,2019.66666666667,3.47,5.1,4.25,2.75,5.75,4.06,2.5625,5.5625,2.89,5.71,2.74079113616483,3.92208475914714,1.00309530483735,4.84814552104312,1.90314464092052,546341.75,553532.043596847,-1.29898416541969,112.63,120.945379787388,-6.87531826515895,7281103.7,91427.9,1.26,3.43,2.38808856231267,1.32,-8.08186404202976,-1.49632546482387
2019,"Oct",2019-10-01,2019.75,3.5,4.9,4.25,2.75,5.75,4.04,2.54166666666667,5.54166666666667,2.54,5.38,2.76965086795398,4.15279481338707,1.57284456152433,4.93343231914001,2.33414503524478,548323,554113.554018129,-1.045012159717,112.09,121.543502668491,-7.77787579009883,7319401.7,89781.65,1.23,2.89,2.74079113616483,1.26,-6.87531826515895,-1.29898416541969
2019,"Nov",2019-11-01,2019.83333333333,3.63,4.8,4.25,2.75,5.75,4.02,2.52083333333333,5.52083333333333,3.27,4.9,1.5783867531713,4.38281865103665,1.07758172851424,5.20965520827342,1.87823686285795,550777.583333333,554697.337744577,-0.706647417343276,113.51,122.139351854793,-7.06516918892141,7351034.6,89492.18,1.22,2.54,2.76965086795398,1.23,-7.77787579009883,-1.045012159717
2019,"Dec",2019-12-01,2019.91666666667,3.85,4.8,4.25,2.75,5.75,4,2.5,5.5,4.31,4.59,0.268430639440154,4.61215932914046,0.289674364049919,5.74009875543995,1.37100829780459,553903.083333333,555282.503591766,-0.248417742232176,111.81,122.731619920356,-8.898782504006,7389131,61871.86,0.84,3.27,1.5783867531713,1.22,-7.06516918892141,-0.706647417343276
2020,"Jan",2020-01-01,2020,3.56,5,4,2.5,5.5,3.98,2.47916666666667,5.47916666666667,4.19,4.4,0.201554851713226,4.56839540549948,0.363178237354322,6.27072429222011,1.99704798178337,556582.916666667,555868.130130253,0.128589227852594,113.2,123.318932854733,-8.2054982316889,7426459.3,52493.41,0.71,4.31,0.268430639440154,0.84,-8.898782504006,-0.248417742232176
2020,"Feb",2020-02-01,2020.08333333333,3.48,5,4,2.5,5.5,3.96,2.45833333333333,5.45833333333333,4.01,4.19,0.173060282665127,4.57697642163662,0.545117221071645,6.78817250254158,2.67106288101295,559213.333333333,556453.285286921,0.496007143706456,118.06,123.89983237572,-4.71334969849722,7470417.9,58463.62,0.78,4.19,0.201554851713226,0.71,-8.2054982316889,0.128589227852594
2020,"Mar",2020-03-01,2020.16666666667,3.51,4.8,4,2.5,5.5,3.94,2.4375,5.4375,3.3,3.95,0.629235237173309,4.58549222797927,1.24442616454916,6.86353249675248,3.44969263964423,559991.5,557037.042503979,0.530387976128122,131.08,124.472782122926,5.30816276810524,7506475,63489.7,0.85,4.01,0.173060282665127,0.78,-4.71334969849722,0.496007143706456
2020,"Apr",2020-04-01,2020.25,2.99,5.1,4,2.5,5.5,3.92,2.41666666666667,5.41666666666667,2.4,3.65,1.220703125,4.59394356503785,2.14252301273228,6.98545168518265,4.47798016131118,561393.416666667,557618.496520305,0.67697183108486,141.14,125.036200675528,12.8793095419318,7462835.4,164429.33,2.2,3.3,0.629235237173309,0.85,5.30816276810524,0.530387976128122
2020,"May",2020-05-01,2020.33333333333,2.99,4.8,4,2.5,5.5,3.9,2.39583333333333,5.39583333333333,1.88,3.01,1.10914801727524,4.6023311621529,2.6720957618305,7.30047557994784,5.32045109928136,564406.5,558196.764871517,1.11246347511753,149.83,125.588557594321,19.3022699440376,7426871.7,282859.4,3.81,2.4,1.220703125,2.2,12.8793095419318,0.67697183108486
2020,"Jun",2020-06-01,2020.41666666667,3.21,4.8,4,2.5,5.5,3.88,2.375,5.375,2.13,2.58,0.440614902575143,4.61065573770492,2.42891974709185,8.31221140997148,6.05327661800792,570412.75,558770.994220701,2.08345742705125,139.5,126.128446697808,10.6015364909938,7438850,458834.69,6.17,1.88,1.10914801727524,3.81,19.3022699440376,1.11246347511753
2020,"Jul",2020-07-01,2020.5,3.12,4.5,4,2.5,5.5,3.85,2.35416666666667,5.35416666666667,2.31,2.15,-0.156387449907125,4.61891799931951,2.25678623723928,9.26121045643695,6.79426298156287,576672.833333333,559340.379145568,3.09873108289476,144.2,126.654648852663,13.8529073399803,7452106.2,537142.59,7.21,2.13,0.440614902575143,6.17,10.6015364909938,2.08345742705125
2020,"Aug",2020-08-01,2020.58333333333,2.96,4.3,4,2.5,5.5,3.83,2.33333333333333,5.33333333333333,2.44,1.94,-0.488090589613421,4.62711864406779,2.13502405707517,10.2403169148462,7.61452256427779,582584.75,559904.204052191,4.05079043587511,151.32,127.166048101124,18.9940257321423,7460272.4,611288.59,8.19,2.31,-0.156387449907125,7.21,13.8529073399803,3.09873108289476
2020,"Sep",2020-09-01,2020.66666666667,3.14,4.7,4,2.5,5.5,3.81,2.3125,5.3125,3.14,1.9,-1.20224936978865,4.63525835866261,1.44973662852685,10.4747800276088,7.11147956913785,585902.5,560461.887084716,4.53922264859359,148.88,127.661663866222,16.6207579403111,7488004.3,655306.48,8.75,2.44,-0.488090589613421,8.19,18.9940257321423,4.05079043587511
2020,"Oct",2020-10-01,2020.75,3.4,4.6,4,2.5,5.5,3.79,2.29166666666667,5.29166666666667,3.92,1.9,-1.94380292532718,4.64333781965008,0.696052559324567,10.3406982697157,6.17850102936464,587260.166666667,561013.0213915,4.67852692796062,154.27,128.140701944078,20.3910995175636,7507801.8,661798.32,8.81,3.14,-1.20224936978865,8.75,16.6207579403111,4.53922264859359
2020,"Nov",2020-11-01,2020.83333333333,3.68,4.8,4,2.5,5.5,3.77,2.27083333333333,5.27083333333333,4.31,1.9,-2.31042086089541,4.65135769359704,0.327253085607371,9.71071156029123,5.17755877700243,586171.166666667,561557.396421927,4.3831263556622,148.41,128.602531852542,15.4020825734362,7544891,664625.67,8.81,3.92,-1.94380292532718,8.81,20.3910995175636,4.67852692796062
2020,"Dec",2020-12-01,2020.91666666667,3.98,5.2,4,2.5,5.5,3.75,2.25,5.25,4.52,1.9,-2.50669728281668,4.65931863727455,0.133293759351871,8.69960075470228,3.99885261643924,583724.666666667,562095.004149649,3.84804389957871,141,129.046724724416,9.26274983042859,7609597,702950.23,9.24,4.31,-2.31042086089541,8.81,15.4020825734362,4.3831263556622
2021,"Jan",2021-01-01,2021,3.48,5.3,3.75,2.25,5.25,3.73,2.22916666666667,5.22916666666667,4.56,1.9,-2.54399387911248,4.80985270866272,0.238956301322402,7.70681852314915,3.00958160209368,581033.416666667,562626.026469387,3.27169191101779,147.01,129.473004527904,13.5449050062915,7671366.9,700851.44,9.14,4.52,-2.50669728281668,9.24,9.26274983042859,3.84804389957871
2021,"Feb",2021-02-01,2021.08333333333,3.76,5.3,3.75,2.25,5.25,3.71,2.20833333333333,5.20833333333333,5.2,1.9,-3.13688212927759,4.85742705570292,-0.325639680890777,6.87280984808622,1.59012342973974,579050.333333333,563150.812171403,2.82331496613224,148.58,129.881187463276,14.3968598547122,7757774.9,691720.22,8.92,4.56,-2.54399387911248,9.14,13.5449050062915,3.27169191101779
2021,"Mar",2021-03-01,2021.16666666667,4.09,5.6,3.75,2.25,5.25,3.69,2.1875,5.1875,6.1,2.23,-3.64750235626767,4.90463215258856,-1.12664264600512,6.75728371783706,0.619494550270572,578637.666666667,563669.852078293,2.65542223576205,152.43,130.271225047122,17.009723325211,7888820.7,663083.73,8.41,5.2,-3.13688212927759,8.92,14.3968598547122,2.82331496613224
2021,"Apr",2021-04-01,2021.25,3.96,5.7,3.75,2.25,5.25,3.67,2.16666666666667,5.16666666666667,6.76,2.65,-3.8497564630948,4.95147228162526,-1.69401247506065,6.69603522572803,-0.0599145506481547,578555.75,564183.759694142,2.54739525179699,150.95,130.643213076991,15.5436983251794,8053159.9,544525.75,6.76,6.1,-3.64750235626767,8.41,17.009723325211,2.65542223576205
2021,"May",2021-05-01,2021.33333333333,4.14,5.9,3.75,2.25,5.25,3.65,2.14583333333333,5.14583333333333,8.06,3.29,-4.4142143253748,4.99795165915609,-2.83365569206359,6.17600477130024,-1.74347143133422,576888.25,564693.264015432,2.15957702379015,144.11,130.997418328638,10.0098015965975,8198139.6,428629.11,5.23,6.76,-3.8497564630948,6.76,15.5436983251794,2.54739525179699
2021,"Jun",2021-06-01,2021.41666666667,4.25,6.1,3.75,2.25,5.25,3.63,2.125,5.125,8.35,3.76,-4.23627134287031,5.04407443682664,-3.05115418843872,5.00102673833068,-3.09088441316965,573995.75,565199.204933633,1.55636189675807,136.74,131.334264265988,4.11601326144688,8313352.1,305455.69,3.67,8.06,-4.4142143253748,5.23,10.0098015965975,2.15957702379015
2021,"Jul",2021-07-01,2021.5,4.34,6.7,3.75,2.25,5.25,3.6,2.10416666666667,5.10416666666667,8.99,4.15,-4.44077438297091,5.08984470282135,-3.57845242423953,3.76792273798951,-4.79133614277502,570431.5,565702.516437329,0.83594882915734,139.21,131.654275530293,5.73906501651591,8422611.3,234667.95,2.79,8.35,-4.23627134287031,3.67,4.11601326144688,1.55636189675807
2021,"Aug",2021-08-01,2021.58333333333,4.43,6.9,3.75,2.25,5.25,3.58,2.08333333333333,5.08333333333333,9.68,5.01,-4.25784099197666,5.13526648307146,-4.14363012119671,2.57758692933544,-6.47557719790713,566452.916666667,566204.200389677,0.0439269572388268,141,131.95801847373,6.85216528017978,8538598.6,130345.7,1.53,8.99,-4.44077438297091,2.79,5.73906501651591,0.83594882915734
2021,"Sep",2021-09-01,2021.66666666667,4.77,7.8,3.75,2.25,5.25,3.56,2.0625,5.0625,10.25,5.43,-4.3718820861678,5.18034374243525,-4.59832767126054,1.71634450078697,-7.74027709679187,561679.416666667,566705.295142908,-0.886859275767737,140.07,132.246117748815,5.91615268891743,8638141.9,52853.65,0.61,9.68,-4.25784099197666,1.53,6.85216528017978,0.0439269572388268
2021,"Oct",2021-10-01,2021.75,4.77,9,3.75,2.25,5.25,3.54,2.04166666666667,5.04166666666667,10.67,6.3,-3.94867624469143,5.22508038585207,-4.91995989351037,1.2059497022592,-8.55159510051576,557072,567206.840968361,-1.78679808428578,145.35,132.519267776444,9.68216353655125,8723377.8,20406.8,0.23,10.25,-4.3718820861678,0.61,5.91615268891743,-0.886859275767737
2021,"Nov",2021-11-01,2021.83333333333,5.36,10,3.75,2.25,5.25,3.52,2.02083333333333,5.02083333333333,10.74,7.65,-2.79031966769008,5.26948025946986,-4.93996725711587,1.32389491273764,-8.50289424531548,553767.75,567709.839357444,-2.45584775723172,144.1,132.778223346973,8.5268324636647,8818704.5,-12767.09,-0.14,10.67,-3.94867624469143,0.23,9.68216353655125,-1.78679808428578
2021,"Dec",2021-12-01,2021.91666666667,5.18,10.1,3.75,2.25,5.25,3.5,2,5,10.06,8.76,-1.18117390514266,5.31354715174725,-4.31260480488165,1.83571631764993,-7.47254559544802,551440.25,568215.213600635,-2.95222007421028,145.65,133.023838253323,9.49165346036156,8898727.5,-64727.49,-0.73,10.74,-2.79031966769008,-0.14,8.5268324636647,-2.45584775723172
2022,"Jan",2022-01-01,2022,5.1,9.9,3.5,2,5,3.48,1.97916666666667,4.97916666666667,10.38,9.15,-1.11433230657729,5.69273521238587,-4.24648014822807,2.49452456529579,-7.14393498342473,549816.25,568723.779410561,-3.32455404452352,142.57,133.257053647801,6.98870798750626,8944243,-108185.99,-1.21,10.06,-1.18117390514266,-0.73,9.49165346036156,-2.95222007421028
2022,"Feb",2022-02-01,2022.08333333333,5.25,10.2,3.5,2,5,3.46,1.95833333333333,4.95833333333333,10.54,10.49,-0.0452324950244165,6.11857707509881,-3.99983980902947,3.17363705496737,-6.663979505186,549090.833333333,569236.223063402,-3.53902104501614,134.34,133.478908106801,0.645114576836003,8991855.1,-123426.67,-1.37,10.38,-1.11433230657729,-1.21,6.98870798750626,-3.32455404452352
2022,"Mar",2022-03-01,2022.16666666667,5.58,10.2,3.5,2,5,3.44,1.9375,4.9375,11.3,11.15,-0.134770889487879,6.54073199527745,-4.27607188205081,3.80060209204954,-6.73800351118641,549659.583333333,569753.084943907,-3.52670343374311,126.99,133.690512065875,-5.01195781386021,9061814.3,-122757.75,-1.35,10.54,-0.0452324950244165,-1.37,0.645114576836003,-3.53902104501614
2022,"Apr",2022-04-01,2022.25,5.51,10.6,3.5,2,5,3.42,1.91666666666667,4.91666666666667,12.13,11.65,-0.428074556318547,6.95924764890282,-4.61139066360221,4.42832078690309,-6.86852690011317,550542.583333333,570274.749994003,-3.46011578820165,119.52,133.892982604799,-10.7346795367331,9147953.5,-137378.77,-1.5,11.3,-0.134770889487879,-1.35,-5.01195781386021,-3.52670343374311
2022,"May",2022-05-01,2022.33333333333,5.79,11.2,3.5,2,5,3.4,1.89583333333333,4.89583333333333,11.73,12.51,0.698111518840072,7.3741708934842,-3.89853137609935,5.55903066984131,-5.52310868178527,552723.083333333,570801.448113166,-3.16718971887556,122.21,134.087385101867,-8.85794371546881,9249687.1,-119927.61,-1.3,12.13,-0.428074556318547,-1.5,-10.7346795367331,-3.46011578820165
2022,"Jun",2022-06-01,2022.41666666667,5.85,11.3,3.5,2,5,3.38,1.875,4.875,11.89,12.89,0.893734918223266,7.78554778554779,-3.66829226423471,6.772825415462,-4.57339760884619,554371.5,571333.256946501,-2.96880266294198,124.1,134.274674032731,-7.57750790015044,9351602.7,-199830.32,-2.14,11.73,0.698111518840072,-1.3,-8.85794371546881,-3.16718971887556
2022,"Jul",2022-07-01,2022.5,5.35,11.4,3.5,2,5,3.35,1.85416666666667,4.85416666666667,10.07,13.15,2.79821931498137,8.19342359767892,-1.704893615264,7.98144374888614,-1.89748001373113,555927.25,571870.114645555,-2.7878471417301,132.68,134.455712226553,-1.32066700413682,9450085.5,-230553.94,-2.44,11.89,0.893734918223266,-2.14,-7.57750790015044,-2.96880266294198
2022,"Aug",2022-08-01,2022.58333333333,5.63,10.5,3.5,2,5,3.33,1.83333333333333,4.83333333333333,8.73,13.58,4.46059045341671,8.59784283513097,-0.121546183085652,9.19558688407445,0.428204620688355,557783.416666667,572411.828484123,-2.5555746910743,128.18,134.631284004207,-4.79181644290426,9550426.7,-183546.17,-1.92,10.07,2.79821931498137,-2.44,-1.32066700413682,-2.7878471417301
2022,"Sep",2022-09-01,2022.66666666667,5.28,9.9,3.5,2,5,3.31,1.8125,4.8125,7.17,13.65,6.04646822804888,8.99884925201381,1.70649365681983,10.6759426460574,3.27138438560919,561145.916666667,572958.082720068,-2.06161085944094,128.54,134.802159985082,-4.64544483988637,9640755,-181358.5,-1.88,8.73,4.46059045341671,-1.92,-4.79181644290426,-2.5555746910743
2022,"Oct",2022-10-01,2022.75,5.18,9.3,3.5,2,5,3.29,1.79166666666667,4.79166666666667,6.47,13.65,6.74368366676059,9.3964858670741,2.74864832072332,12.2337823659657,5.41352715879186,565709.583333333,573508.448737707,-1.35985187690586,126.82,134.969061010145,-6.03772520098681,9741807.7,-173053.76,-1.78,7.17,6.04646822804888,-1.88,-4.64544483988637,-2.06161085944094
2022,"Nov",2022-11-01,2022.83333333333,5.2,8.7,3.5,2,5,3.27,1.77083333333333,4.77083333333333,5.9,13.65,7.31822474032107,9.7907949790795,3.6740273645699,13.5228617707672,7.19816975520986,570699,574062.406778097,-0.585895668900183,128.07,135.132659601224,-5.22646384824031,9830020.4,-137930.49,-1.4,6.47,6.74368366676059,-1.78,-6.03772520098681,-1.35985187690586
2022,"Dec",2022-12-01,2022.91666666667,5.27,8.8,3.5,2,5,3.25,1.75,4.75,5.79,13.65,7.42981378202099,10.1818181818182,4.15144926913524,14.5971988323008,8.32517140778974,575837.25,574619.376905868,0.211944313588952,129.09,135.29356540159,-4.58526270867093,9915316.4,-125993.91,-1.27,5.9,7.31822474032107,-1.4,-5.22646384824031,-0.585895668900183
2023,"Jan",2023-01-01,2023,5.44,8.6,3.25,1.75,4.75,3.23,1.72916666666667,4.72916666666667,5.77,13.65,7.45012763543538,9.93088942307693,3.93390320797669,15.5307580911606,9.22828598956282,581033.666666667,575178.753233434,1.01792936549177,130,135.452333558687,-4.02527842484525,9996690.4,-123173.49,-1.23,5.79,7.42981378202099,-1.27,-4.58526270867093,0.211944313588952
2023,"Feb",2023-02-01,2023.08333333333,5.68,8.3,3.25,1.75,4.75,3.21,1.70833333333333,4.70833333333333,5.6,13.65,7.62310606060606,9.68414779499403,3.86756419980494,16.0933835774551,9.93691626652948,585330,575739.939270381,1.66569314989204,128.63,135.609471352939,-5.14674327929054,10067360.7,-93249.56,-0.93,5.77,7.45012763543538,-1.23,-4.02527842484525,1.01792936549177
2023,"Mar",2023-03-01,2023.16666666667,5.44,7.8,3.25,1.75,4.75,3.19,1.6875,4.6875,4.65,13.65,8.60009555661729,9.44148936170213,4.57858515212817,16.2217885292859,11.057609679203,589057.583333333,576302.383703093,2.21328246957451,128.04,135.765443994295,-5.69028743029746,10156139.2,-74754.83,-0.74,5.6,7.62310606060606,-0.93,-5.14674327929054,1.66569314989204
2023,"Apr",2023-04-01,2023.25,5.22,8.3,3.25,1.75,4.75,3.17,1.66666666666667,4.66666666666667,4.18,13.65,9.09003647533115,9.20281359906214,4.82128393075651,15.9829574778849,11.3293890169753,591801.916666667,576865.609215338,2.58921787201785,123.68,135.92066283876,-9.00574098382706,10222611,-56202.87,-0.55,4.65,8.60009555661729,-0.74,-5.69028743029746,2.21328246957451
2023,"May",2023-05-01,2023.33333333333,4.9,8.2,3.25,1.75,4.75,3.15,1.64583333333333,4.64583333333333,3.94,13.65,9.34192803540503,9.09883720930232,4.96328382653675,15.2077164798714,10.8405969596607,593643.666666667,577429.236910636,2.80803754288257,121.49,136.07547963243,-10.7186685447138,10280787.4,-39023.18,-0.38,4.18,9.09003647533115,-0.55,-9.00574098382706,2.58921787201785
2023,"Jun",2023-06-01,2023.41666666667,4.31,7.7,3.25,1.75,4.75,3.13,1.625,4.625,3.16,13.65,10.1686700271423,8.99653979238754,5.65775474252379,14.5633064925849,11.0540000897488,595947.25,577993.003141788,3.10630868550625,117.47,136.230151671843,-13.7709247487541,10335458.3,24270.03,0.23,3.94,9.34192803540503,-0.38,-10.7186685447138,2.80803754288257
